JOKER'S GAMBIT 🃏 | AUGUST 2026 PUBLIC BET TRACKER,,,,,,,,,,,PUBLIC RECORD,,,BY LEAGUE,,,,
#,Date,League,Fixture(s),Bet,Stake (U),Odds,Result,P/L,Running P/L,,Record,34-18,,League,Record,Staked,Profit,ROI
1,Aug 1,MLS,Portland Timbers vs Seattle Sounders,Portland Timbers ML,2,2.10,Win,+2.20U,+2.20U,,Profit,+28.38U,,MLS,7-2,19,11.02,58%
2,Aug 1,MLS,Philadelphia vs Atlanta + Chicago vs Charlotte,Philadelphia ML + Chicago/Charlotte BTTS,1,2.40,Win,+1.40U,+3.60U,,ROI,28.96%,,Eliteserien,1-0,2,2.8,140%
3,Aug 2,Eliteserien,SK Brann vs Rosenborg,Over 2.5 & BTTS + Over 9 Corners (SGP),2,2.40,Win,+2.80U,+6.40U,,Win Rate,65.38%,,Liga MX,3-0,3,2.9,96.67%
4,Aug 2,Liga MX,Club America vs Santos Laguna,Club America -1.5,1,1.95,Win,+0.95U,+7.35U,,Units Staked,98U,,Liga 1,1-0,2,2.4,120%
5,Aug 2,Liga MX,Toluca vs Necaxa,Over 2.5 & BTTS,1,1.90,Win,+0.90U,+8.25U,,Updated,Sep 04,,Leagues Cup,9-10,28,-0.66,-2.36%
6,Aug 3,Liga 1,FCSB vs Farul Constanta,Over 2.5 & BTTS,2,2.20,Win,+2.40U,+10.65U,,Current Streak,1L,,UEFA Super Cup,1-0,2,2.3,115%
7,Aug 5,Leagues Cup,Inter Miami vs Atletico San Luis,BTTS + Messi 2+ SOT (SGP),1,1.95,Win,+0.95U,+11.60U,,Longest Win Streak,10W,,Europe,1-0,2,1.8,90%
8,Aug 5,Leagues Cup,FC Dallas vs Queretaro,Queretaro +0.5 (Asian Spread),2,2.08,Loss,-2.00U,+9.60U,,,,,Eredivisie,1-1,4,1.4,35%
9,Aug 5,Leagues Cup,LAFC vs Chivas Guadalajara,LAFC ML (3-Way),1,3.00,Loss,-1.00U,+8.60U,,,,,Multi,3-2,11,0.75,6.82%
10,Aug 6,Leagues Cup,Chicago Fire vs Necaxa,Over 2.5 & BTTS,2,2.00,Loss,-2.00U,+6.60U,,,,,La Liga,4-3,22,-2.1,-9.55%
11,Aug 6,Leagues Cup,Austin FC vs Tijuana,Tijuana 0.0 (Asian Spread),1,2.25,Loss,-1.00U,+5.60U,,,,,Brasileirao,1-0,2,1.6,80%
12,Aug 6,Leagues Cup,Club America vs San Diego FC,Under 3.0 (Goal Line),1,2.08,Loss,-1.00U,+4.60U,,,,,Saudi Pro League,1-0,1,1.02,102%
13,Aug 6,Leagues Cup,Portland Timbers vs Puebla,Over 2.5 & BTTS,2,1.80,Win,+1.60U,+6.20U,,,,,Premier League,1-0,3,3.15,105%
14,Aug 7,Leagues Cup,Columbus Crew vs Pachuca,Columbus Crew Over 1.5 Team Goals,2,1.83,Win,+1.66U,+7.86U,,,,,,,,,
15,Aug 7,Leagues Cup,FC Cincinnati vs Pumas UNAM,FC Cincinnati Over 1.5 Team Goals,3,1.80,Win,+2.40U,+10.26U,,,,,,,,,
16,Aug 8,Leagues Cup,Inter Miami vs Monterrey,Monterrey +0.5 AH,1,2.35,Win,+1.35U,+11.61U,,,,,,,,,
17,Aug 8,Leagues Cup,Real Salt Lake vs Atlante,Atlante +0.5 AH,1,2.35,Loss,-1.00U,+10.61U,,,,,,,,,
18,Aug 9,Leagues Cup,Seattle Sounders vs Queretaro,Queretaro 0.0 (Asian Spread),1,2.75,Loss,-1.00U,+9.61U,,,,,,,,,
19,Aug 9,Leagues Cup,Cruz Azul vs New York City,Over 2.5 & BTTS,1,2.00,Win,+1.00U,+10.61U,,,,,,,,,
20,Aug 9,Leagues Cup,San Diego FC vs Tijuana,Tijuana +0.5 (Asian Spread),1,2.30,Loss,-1.00U,+9.61U,,,,,,,,,
21,Aug 9,Leagues Cup,Club America vs Portland Timbers,Over 2.5 & BTTS,1,1.80,Win,+0.80U,+10.41U,,,,,,,,,
22,Aug 9,Leagues Cup,Chicago Fire vs Santos Laguna + Nashville SC vs Atletico San Luis,Chicago Fire ML + Nashville SC ML (2 Leg Parlay),1,2.88,Win,+1.88U,+12.29U,,,,,,,,,
23,Aug 12,UEFA Super Cup,PSG vs Aston Villa,PSG ML + Kvaratskhelia 1+ SOT (SGP),2,2.15,Win,+2.30U,+14.59U,,,,,,,,,
24,Aug 12,Leagues Cup,Inter Miami vs Leon,Leon +0.5 (Asian Spread),2,1.85,Win,+1.70U,+16.29U,,,,,,,,,
25,Aug 12,Leagues Cup,FC Dallas vs Toluca,FC Dallas +1.5 (Asian Spread),1,1.92,Loss,-1.00U,+15.29U,,,,,,,,,
26,Aug 14,Europe,Galatasaray vs Corum FK + Sporting CP vs Vitoria Guimaraes,Galatasaray Over 1.5 + Sporting Over 1.5 (Team Total Goals),2,1.90,Win,+1.80U,+17.09U,,,,,,,,,
27,Aug 15,Eredivisie,Excelsior vs PSV,BTTS & Over 3.5,1,2.10,Loss,-1.00U,+16.09U,,,,,,,,,
28,Aug 15,MLS,Charlotte vs Columbus,BTTS & Over 2.5,1,2.05,Win,+1.05U,+17.14U,,,,,,,,,
29,Aug 15,MLS,Atlanta vs NY Red Bulls,NY Red Bulls Win or Draw,1,1.80,Loss,-1.00U,+16.14U,,,,,,,,,
30,Aug 15,MLS,Nashville vs Inter Miami,Messi to Score & 2+ SOT,1,2.20,Loss,-1.00U,+15.14U,,,,,,,,,
31,Aug 15,Multi,Rio Ave vs FC Porto + Monterrey vs FC Juarez,Porto ML + Monterrey Team Total Over 1.5,1,2.20,Win,+1.20U,+16.34U,,,,,,,,,
32,Aug 16,La Liga,Racing Santander vs Villarreal,Both Teams to Score & Over 2.5,2,2.00,Win,+2.00U,+18.34U,,,,,,,,,
33,Aug 16,Multi,RC Lens vs PSG + Club America vs Atletico San Luis,PSG to Lift the Trophy + America Team Total Over 1.5 (2-Leg Parlay),3,2.20,Loss,-3.00U,+15.34U,,,,,,,,,
34,Aug 16,Brasileirao,Mirassol vs Flamengo,Both Teams to Score,2,1.80,Win,+1.60U,+16.94U,,,,,,,,,
35,Aug 17,Multi,BK Hacken vs Halmstads BK + Almeria vs Eldense,BK Hacken ML + Almeria ML (2-Leg Parlay),2,1.82,Win,+1.64U,+18.58U,,,,,,,,,
36,Aug 19,MLS,Charlotte FC vs Toronto FC,Draw No Bet,3,2.20,Push,,+18.58U,,,,,,,,,
37,Aug 19,MLS,FC Cincinnati vs New York City FC,BTTS & Over 2.5 & Evander 3+ SOT,1,2.05,Win,+1.05U,+19.63U,,,,,,,,,
38,Aug 19,MLS,Orlando City vs Chicago Fire,BTTS & Over 2.5 & Lewa SOT,1,1.83,Win,+0.83U,+20.46U,,,,,,,,,
39,Aug 19,MLS,Philadelphia Union vs Inter Miami,BTTS & Over 2.5 & Messi SOT,5,1.80,Win,+4.00U,+24.46U,,,,,,,,,
40,Aug 20,La Liga,Rayo Vallecano vs CD Alaves,CD Alaves Over 10.5 Away Team Shots,3,2.00,Win,+3.00U,+27.46U,,,,,,,,,
41,Aug 21,Liga MX,FC Juarez vs Club America,Both Teams to Score & Over 2.5 Goals,1,2.05,Win,+1.05U,+28.51U,,,,,,,,,
42,Aug 22,La Liga,Espanyol vs Real Madrid,Real Madrid to Win & Mbappe 2+ SOT,2,1.95,Win,+1.90U,+30.41U,,,,,,,,,
43,Aug 22,MLS,Inter Miami vs Toronto FC,BTTS & Over 2.5 & Messi 1+ SOT,3,1.83,Win,+2.49U,+32.90U,,,,,,,,,
44,Aug 22,La Liga,Barcelona vs Elche,Barcelona to Win & Over 2.5 & Yamal 3+ Shots,3,2.00,Win,+3.00U,+35.90U,,,,,,,,,
45,Aug 27,La Liga,Real Madrid vs Real Sociedad,Real Madrid ML & Bellingham 1+ SOT (SGP),3,1.75,Loss,-3.00U,+32.90U,,,,,,,,,
46,Aug 27,Leagues Cup,Club America vs Columbus Crew,Both Teams to Score & Over 2.5 Goals (SGP),3,2.10,Loss,-3.00U,+29.90U,,,,,,,,,
47,Aug 27,La Liga,Barcelona vs Athletic Club,Barcelona Team Total Over 2.5 Goals,5,2.20,Loss,-5.00U,+24.90U,,,,,,,,,
48,Aug 28,Multi,Bayern Munich vs Stuttgart + AC Milan vs Venezia,Bayern ML & Kane 1+ SOT + AC Milan ML (2-Leg Parlay),2,1.88,Loss,-2.00U,+22.90U,,,,,,,,,
49,Aug 28,Saudi Pro League,Al Khaleej vs Al Hilal + Al Nassr vs Al Taawoun,Al Hilal ML & Over 1.5 + Al-Nassr ML & Over 1.5 (2-Leg Parlay),1,2.02,Win,+1.02U,+23.92U,,,,,,,,,
50,Aug 30,Eredivisie,FC Utrecht vs PSV,Over 3.5 Total Goals,3,1.80,Win,+2.40U,+26.32U,,,,,,,,,
51,Aug 30,Premier League,Chelsea vs Brighton,BTTS & Pedro 1+ SOT,3,2.05,Win,+3.15U,+29.47U,,,,,,,,,
52,Aug 30,Multi,Inter vs Cagliari + Argentinos Juniors vs Aldosivi,Inter ML + Argentinos Juniors ML (2-Leg Parlay),3,1.97,Win,+2.91U,+32.38U,,,,,,,,,
53,Aug 31,La Liga,Barcelona vs Rayo Vallecano,1-2 Goals in First Half & Raphinha 1+ SOT,4,2.00,Loss,-4.00U,+28.38U,,,,,,,,,