JOKER'S GAMBIT 🃏 | WORLD CUP '26 PUBLIC BET TRACKER,,,,,,,,,,PUBLIC RECORD,
#,Date,Fixture(s),Bet,Stake (U),Odds,Result,P/L,Running P/L,,Record,23-12
1,Jun 19,Scotland vs Morocco,Saibari 1+ SOT + McGinn 1+ Shot,2,1.95,Win,+1.90U,+1.90U,,Profit,+67.36U
2,Jun 19,Türkiye vs Paraguay,Güler 1+ SOT + Yıldız 1+ SOT,2,2.00,Loss,-2.00U,-0.10U,,ROI,49.90%
3,Jun 20,Netherlands vs Sweden,Over 2.5 + BTTS,3,1.95,Win,+2.85U,+2.75U,,Win Rate,65.71%
4,Jun 25,Japan/Sweden + Netherlands/Tunisia,BTTS + Netherlands score both halves,5,2.68,Win,+8.40U,+11.15U,,Units Staked,135U
5,Jun 26,Norway vs France,France ML + Mbappé 2+ SOT,10,2.20,Win,+12.00U,+23.15U,,Updated,Jul 28
6,Jun 26,Uruguay vs Spain,Spain ML + Yamal SOT + Oyarzabal SOT,5,2.40,Loss,-5.00U,+18.15U,,,
7,Jun 28,Panama vs England,England ML + Over 10 Corners,3,2.70,Loss,-3.00U,+15.15U,,,
8,Jun 28,DR Congo vs Colombia,DR Congo ML + Colombia +1.5,2,2.25,Win,+2.50U,+17.65U,,,
9,Jun 28,Jordan vs Argentina,Messi Anytime Scorer,2,2.20,Win,+2.40U,+20.05U,,,
10,Jun 28,South Africa vs Canada,Canada advance + Canada O11.5 shots + Williams 2+ saves,3,1.87,Win,+2.61U,+22.66U,,,
11,Jun 29,Brazil vs Japan,BTTS,4,2.05,Win,+4.20U,+26.86U,,,
12,Jun 29,Netherlands vs Morocco,BTTS + Gakpo shot + Saibari shot,4,2.15,Loss,-4.00U,+22.86U,,,
13,Jun 30,Ivory Coast vs Norway,BTTS + Over 2 Goals + Haaland SOT,3,2.70,Win,+5.10U,+27.96U,,,
14,Jun 30,France vs Sweden,France ML + Mbappé 2+ SOT + Maignan Save,5,1.95,Win,+4.75U,+32.71U,,,
15,Jun 30,Mexico vs Ecuador,Under 2.5 + Raúl Jiménez SOT,2,2.00,Win,+2.00U,+34.71U,,,
16,Jul 1,England vs DR Congo,England 5+ Corners + o14.5 Shots + DR Congo o3.5 Shots,3,2.00,Loss,-3.00U,+31.71U,,,
17,Jul 1,Belgium vs Senegal,BTTS + Sarr 2+ Shots,3,2.30,Win,+3.90U,+35.61U,,,
18,Jul 1,USA vs Bosnia-Herzegovina,USA to advance + USA most corners + USA most shots + USA O11.5 shots,2,2.00,Loss,-2.00U,+33.61U,,,
19,Jul 2,Spain vs Austria,Spain ML + Austria o0.5 cards + Lamine Yamal 3+ shots,5,2.05,Win,+5.25U,+38.86U,,,
20,Jul 2,Portugal vs Croatia,BTTS + Ronaldo 1+ SOT,3,2.00,Win,+3.00U,+41.86U,,,
21,Jul 2,Switzerland vs Algeria,BTTS,3,1.95,Loss,-3.00U,+38.86U,,,
22,Jul 3,Australia vs Egypt,BTTS Yes,2,2.20,Win,+2.40U,+41.26U,,,
23,Jul 3,Argentina vs Cape Verde,Argentina to Win (Extra Time Result),5,1.90,Win,+4.50U,+45.76U,,,
25,Jul 3,Colombia vs Ghana,Colombia ML + Luis Díaz 1+ SOT,3,1.95,Win,+2.85U,+48.61U,,,
26,Jul 4,Canada vs Morocco,BTTS Yes,2,2.00,Loss,-2.00U,+46.61U,,,
27,Jul 4,Paraguay vs France,France ML + Mbappé 2+ SOT + Paraguay Over 4.5 Shots,10,1.95,Win,+9.50U,+56.11U,,,
28,Jul 5,Brazil vs Norway,BTTS + Vinicius Jr. 2+ Shots + Haaland 2+ Shots,5,2.10,Win,+5.50U,+61.61U,,,
29,Jul 5,Mexico vs England,England Over 4 Corners + Harry Kane 2+ Shots,3,2.05,Loss,-3.00U,+58.61U,,,
30,Jul 6,Portugal vs Spain,Spain to Advance + Lamine Yamal 1+ SOT + Diogo Costa 2+ Saves,4,2.00,Win,+4.00U,+62.61U,,,
32,Jul 7,Argentina vs Egypt,Argentina ML + Argentina 1H ML + Lionel Messi 2+ SOT,5,2.80,Loss,-5.00U,+57.61U,,,
33,Jul 7,Argentina vs Egypt,Argentina to Qualify + Lionel Messi Anytime Goal,5,2.15,Win,+5.75U,+63.36U,,,
34,Jul 7,Switzerland vs Colombia,Colombia to Advance + Luis Diaz 1+ SOT,4,2.15,Loss,-4.00U,+59.36U,,,
35,Jul 9,France vs Morocco,BTTS + Kylian Mbappe 1+ SOT,5,2.15,Loss,-5.00U,+54.36U,,,
36,Jul 10,Spain vs Belgium,Spain to Advance + Lamine Yamal 2+ SOT + Mikel Oyarzabal 1+ SOT,5,3.00,Win,+10.00U,+64.36U,,,
37,Jul 11,Norway vs England,BTTS + Harry Kane 1+ SOT + Jude Bellingham 1+ Shots,3,2.00,Win,+3.00U,+67.36U,,,